,Replicate,Configuration,Walltime,Label,Dataset,Nodes,Number of cores
1,1,1:1:1,234.42349443400053,multithreading,kerchunk-part-month-orig,1,1
2,2,1:1:1,245.99622362599985,multithreading,kerchunk-part-month-orig,1,1
3,3,1:1:1,238.22345404299995,multithreading,kerchunk-part-month-orig,1,1
4,4,1:1:1,230.2041026829993,multithreading,kerchunk-part-month-orig,1,1
6,1,2:1:2,129.5149218459992,multithreading,kerchunk-part-month-orig,1,2
7,2,2:1:2,125.42300051500024,multithreading,kerchunk-part-month-orig,1,2
8,3,2:1:2,124.63857307099896,multithreading,kerchunk-part-month-orig,1,2
9,4,2:1:2,125.36802126900147,multithreading,kerchunk-part-month-orig,1,2
11,1,4:1:4,76.57778797699939,multithreading,kerchunk-part-month-orig,1,4
12,2,4:1:4,74.71370639200177,multithreading,kerchunk-part-month-orig,1,4
13,3,4:1:4,75.10375924800246,multithreading,kerchunk-part-month-orig,1,4
14,4,4:1:4,78.2812887,multithreading,kerchunk-part-month-orig,1,4
16,1,8:1:8,54.04365253799915,multithreading,kerchunk-part-month-orig,1,8
17,2,8:1:8,53.99311238399969,multithreading,kerchunk-part-month-orig,1,8
18,3,8:1:8,51.62054707000061,multithreading,kerchunk-part-month-orig,1,8
19,4,8:1:8,52.14893181400112,multithreading,kerchunk-part-month-orig,1,8
21,1,16:1:16,33.85353493300136,multithreading,kerchunk-part-month-orig,1,16
22,2,16:1:16,36.09095906099901,multithreading,kerchunk-part-month-orig,1,16
23,3,16:1:16,37.74233124999955,multithreading,kerchunk-part-month-orig,1,16
24,4,16:1:16,35.20770989800076,multithreading,kerchunk-part-month-orig,1,16
26,1,1:1:1,232.0701006800009,multiprocessing,kerchunk-part-month-orig,1,1
27,2,1:1:1,228.78522813200107,multiprocessing,kerchunk-part-month-orig,1,1
28,3,1:1:1,230.3654599189977,multiprocessing,kerchunk-part-month-orig,1,1
29,4,1:1:1,226.48202650700117,multiprocessing,kerchunk-part-month-orig,1,1
31,1,2:2:1,113.68948564900349,multiprocessing,kerchunk-part-month-orig,1,2
32,2,2:2:1,111.4725204569986,multiprocessing,kerchunk-part-month-orig,1,2
33,3,2:2:1,112.66402261800248,multiprocessing,kerchunk-part-month-orig,1,2
34,4,2:2:1,113.9138686160004,multiprocessing,kerchunk-part-month-orig,1,2
36,1,4:4:1,64.24802532299873,multiprocessing,kerchunk-part-month-orig,1,4
37,2,4:4:1,64.46631833100037,multiprocessing,kerchunk-part-month-orig,1,4
38,3,4:4:1,65.90583930700086,multiprocessing,kerchunk-part-month-orig,1,4
39,4,4:4:1,62.87563849300204,multiprocessing,kerchunk-part-month-orig,1,4
41,1,8:8:1,44.02909039699807,multiprocessing,kerchunk-part-month-orig,1,8
42,2,8:8:1,40.09490041100071,multiprocessing,kerchunk-part-month-orig,1,8
43,3,8:8:1,42.07430424500126,multiprocessing,kerchunk-part-month-orig,1,8
44,4,8:8:1,43.05957109399969,multiprocessing,kerchunk-part-month-orig,1,8
46,1,16:16:1,27.973826239001937,multiprocessing,kerchunk-part-month-orig,1,16
47,2,16:16:1,26.518350559999817,multiprocessing,kerchunk-part-month-orig,1,16
48,3,16:16:1,27.18002176400114,multiprocessing,kerchunk-part-month-orig,1,16
49,4,16:16:1,26.46157732500069,multiprocessing,kerchunk-part-month-orig,1,16
51,1,1:1:1,238.53662709199853,mixed-2,kerchunk-part-month-orig,1,1
52,2,1:1:1,238.45502851000128,mixed-2,kerchunk-part-month-orig,1,1
53,3,1:1:1,235.0827726509997,mixed-2,kerchunk-part-month-orig,1,1
54,4,1:1:1,237.52726184399944,mixed-2,kerchunk-part-month-orig,1,1
56,1,2:1:2,142.82295376600086,mixed-2,kerchunk-part-month-orig,1,2
57,2,2:1:2,141.1009409110011,mixed-2,kerchunk-part-month-orig,1,2
58,3,2:1:2,141.06553709500076,mixed-2,kerchunk-part-month-orig,1,2
59,4,2:1:2,141.19384820599953,mixed-2,kerchunk-part-month-orig,1,2
61,1,4:2:2,58.88061586399999,mixed-2,kerchunk-part-month-orig,1,4
62,2,4:2:2,60.28224295900145,mixed-2,kerchunk-part-month-orig,1,4
63,3,4:2:2,62.83443935200194,mixed-2,kerchunk-part-month-orig,1,4
64,4,4:2:2,64.45057423099934,mixed-2,kerchunk-part-month-orig,1,4
66,1,8:4:2,38.652628520998405,mixed-2,kerchunk-part-month-orig,1,8
67,2,8:4:2,39.48031099100263,mixed-2,kerchunk-part-month-orig,1,8
68,3,8:4:2,40.045200349999504,mixed-2,kerchunk-part-month-orig,1,8
69,4,8:4:2,39.91004964999957,mixed-2,kerchunk-part-month-orig,1,8
71,1,16:8:2,27.240526047997264,mixed-2,kerchunk-part-month-orig,1,16
72,2,16:8:2,26.804795007999928,mixed-2,kerchunk-part-month-orig,1,16
73,3,16:8:2,26.63616748799905,mixed-2,kerchunk-part-month-orig,1,16
74,4,16:8:2,26.43193902799976,mixed-2,kerchunk-part-month-orig,1,16
76,1,1:1:1,207.29883702299776,mixed-4,kerchunk-part-month-orig,1,1
77,2,1:1:1,206.13483860799897,mixed-4,kerchunk-part-month-orig,1,1
78,3,1:1:1,204.8834302809992,mixed-4,kerchunk-part-month-orig,1,1
79,4,1:1:1,204.1645920100018,mixed-4,kerchunk-part-month-orig,1,1
81,1,1:1:1,221.89526241699787,mixed-4,kerchunk-part-month-orig,1,1
82,2,1:1:1,224.94724300699815,mixed-4,kerchunk-part-month-orig,1,1
83,3,1:1:1,223.06402545400124,mixed-4,kerchunk-part-month-orig,1,1
84,4,1:1:1,224.48589894799807,mixed-4,kerchunk-part-month-orig,1,1
86,1,4:1:4,89.11218028199801,mixed-4,kerchunk-part-month-orig,1,4
87,2,4:1:4,88.81170896399999,mixed-4,kerchunk-part-month-orig,1,4
88,3,4:1:4,88.41658044799988,mixed-4,kerchunk-part-month-orig,1,4
89,4,4:1:4,88.77924428400001,mixed-4,kerchunk-part-month-orig,1,4
91,1,8:2:4,49.93808788100068,mixed-4,kerchunk-part-month-orig,1,8
92,2,8:2:4,48.240102259002015,mixed-4,kerchunk-part-month-orig,1,8
93,3,8:2:4,51.50865385499856,mixed-4,kerchunk-part-month-orig,1,8
94,4,8:2:4,50.97463688399876,mixed-4,kerchunk-part-month-orig,1,8
96,1,16:4:4,29.17349818600269,mixed-4,kerchunk-part-month-orig,1,16
97,2,16:4:4,29.83300198399957,mixed-4,kerchunk-part-month-orig,1,16
98,3,16:4:4,30.22911907800153,mixed-4,kerchunk-part-month-orig,1,16
99,4,16:4:4,31.169806633002736,mixed-4,kerchunk-part-month-orig,1,16
1,1,1:1:1,103.49115439900196,multithreading,zarr-part-month-orig,1,1
2,2,1:1:1,96.59759922797092,multithreading,zarr-part-month-orig,1,1
3,3,1:1:1,93.37131787795806,multithreading,zarr-part-month-orig,1,1
4,4,1:1:1,91.86900166299893,multithreading,zarr-part-month-orig,1,1
6,1,2:1:2,44.55134275503224,multithreading,zarr-part-month-orig,1,2
7,2,2:1:2,45.07396929699462,multithreading,zarr-part-month-orig,1,2
8,3,2:1:2,43.72422578599071,multithreading,zarr-part-month-orig,1,2
9,4,2:1:2,45.01304034603527,multithreading,zarr-part-month-orig,1,2
11,1,4:1:4,23.553177102992777,multithreading,zarr-part-month-orig,1,4
12,2,4:1:4,23.374027177982494,multithreading,zarr-part-month-orig,1,4
13,3,4:1:4,23.408541333978064,multithreading,zarr-part-month-orig,1,4
14,4,4:1:4,22.79887434799457,multithreading,zarr-part-month-orig,1,4
16,1,8:1:8,15.017674166010693,multithreading,zarr-part-month-orig,1,8
17,2,8:1:8,15.530066351988353,multithreading,zarr-part-month-orig,1,8
18,3,8:1:8,14.828440306009725,multithreading,zarr-part-month-orig,1,8
19,4,8:1:8,14.6230407700059,multithreading,zarr-part-month-orig,1,8
21,1,16:1:16,14.617239125014748,multithreading,zarr-part-month-orig,1,16
22,2,16:1:16,14.076806668017523,multithreading,zarr-part-month-orig,1,16
23,3,16:1:16,15.041954437969252,multithreading,zarr-part-month-orig,1,16
24,4,16:1:16,13.959385772992391,multithreading,zarr-part-month-orig,1,16
26,1,1:1:1,87.57832354796119,multiprocessing,zarr-part-month-orig,1,1
27,2,1:1:1,86.11883729702095,multiprocessing,zarr-part-month-orig,1,1
28,3,1:1:1,88.49682386498898,multiprocessing,zarr-part-month-orig,1,1
29,4,1:1:1,87.72338956099702,multiprocessing,zarr-part-month-orig,1,1
31,1,2:2:1,51.34957884397591,multiprocessing,zarr-part-month-orig,1,2
32,2,2:2:1,50.930959168006666,multiprocessing,zarr-part-month-orig,1,2
33,3,2:2:1,50.872077899985015,multiprocessing,zarr-part-month-orig,1,2
34,4,2:2:1,50.87848319101613,multiprocessing,zarr-part-month-orig,1,2
36,1,4:4:1,22.17275912204059,multiprocessing,zarr-part-month-orig,1,4
37,2,4:4:1,21.30156578397145,multiprocessing,zarr-part-month-orig,1,4
38,3,4:4:1,21.104655726987403,multiprocessing,zarr-part-month-orig,1,4
39,4,4:4:1,20.734027675003745,multiprocessing,zarr-part-month-orig,1,4
41,1,8:8:1,10.941399521951098,multiprocessing,zarr-part-month-orig,1,8
42,2,8:8:1,11.135763532016426,multiprocessing,zarr-part-month-orig,1,8
43,3,8:8:1,10.780747549026271,multiprocessing,zarr-part-month-orig,1,8
44,4,8:8:1,10.730428213020788,multiprocessing,zarr-part-month-orig,1,8
46,1,16:16:1,6.656142968975473,multiprocessing,zarr-part-month-orig,1,16
47,2,16:16:1,6.599929255025927,multiprocessing,zarr-part-month-orig,1,16
48,3,16:16:1,6.3049808160285465,multiprocessing,zarr-part-month-orig,1,16
49,4,16:16:1,6.563524830969982,multiprocessing,zarr-part-month-orig,1,16
51,1,1:1:1,88.94755591603462,mixed-2,zarr-part-month-orig,1,1
52,2,1:1:1,85.68964882701403,mixed-2,zarr-part-month-orig,1,1
53,3,1:1:1,87.37543159996858,mixed-2,zarr-part-month-orig,1,1
54,4,1:1:1,91.2792314440012,mixed-2,zarr-part-month-orig,1,1
56,1,2:1:2,43.10729577299208,mixed-2,zarr-part-month-orig,1,2
57,2,2:1:2,44.68236799398437,mixed-2,zarr-part-month-orig,1,2
58,3,2:1:2,42.8563556370209,mixed-2,zarr-part-month-orig,1,2
59,4,2:1:2,42.65643866400933,mixed-2,zarr-part-month-orig,1,2
61,1,4:2:2,22.247313317027874,mixed-2,zarr-part-month-orig,1,4
62,2,4:2:2,21.66997435601661,mixed-2,zarr-part-month-orig,1,4
63,3,4:2:2,21.14309713302646,mixed-2,zarr-part-month-orig,1,4
64,4,4:2:2,21.928249791031703,mixed-2,zarr-part-month-orig,1,4
66,1,8:4:2,11.399155605002306,mixed-2,zarr-part-month-orig,1,8
67,2,8:4:2,11.517924218962436,mixed-2,zarr-part-month-orig,1,8
68,3,8:4:2,11.088829901011197,mixed-2,zarr-part-month-orig,1,8
69,4,8:4:2,11.35755420703208,mixed-2,zarr-part-month-orig,1,8
71,1,16:8:2,6.37231501302449,mixed-2,zarr-part-month-orig,1,16
72,2,16:8:2,6.793320142023731,mixed-2,zarr-part-month-orig,1,16
73,3,16:8:2,6.539005659986287,mixed-2,zarr-part-month-orig,1,16
74,4,16:8:2,6.6329672079882585,mixed-2,zarr-part-month-orig,1,16
76,1,1:1:1,89.6953158749966,mixed-4,zarr-part-month-orig,1,1
77,2,1:1:1,91.9687641840428,mixed-4,zarr-part-month-orig,1,1
78,3,1:1:1,94.65449137595716,mixed-4,zarr-part-month-orig,1,1
79,4,1:1:1,98.96909334196243,mixed-4,zarr-part-month-orig,1,1
81,1,1:1:1,101.40164782095236,mixed-4,zarr-part-month-orig,1,1
82,2,1:1:1,98.57370335102314,mixed-4,zarr-part-month-orig,1,1
83,3,1:1:1,98.83910771796944,mixed-4,zarr-part-month-orig,1,1
84,4,1:1:1,98.00589607399888,mixed-4,zarr-part-month-orig,1,1
86,1,4:1:4,25.23639267502585,mixed-4,zarr-part-month-orig,1,4
87,2,4:1:4,25.401710578997157,mixed-4,zarr-part-month-orig,1,4
88,3,4:1:4,25.382085477001965,mixed-4,zarr-part-month-orig,1,4
89,4,4:1:4,24.89840606600046,mixed-4,zarr-part-month-orig,1,4
91,1,8:2:4,13.306764188979288,mixed-4,zarr-part-month-orig,1,8
92,2,8:2:4,13.013736262975726,mixed-4,zarr-part-month-orig,1,8
93,3,8:2:4,12.816583058971446,mixed-4,zarr-part-month-orig,1,8
94,4,8:2:4,12.85255720099667,mixed-4,zarr-part-month-orig,1,8
96,1,16:4:4,8.46809859701898,mixed-4,zarr-part-month-orig,1,16
97,2,16:4:4,7.352094121044502,mixed-4,zarr-part-month-orig,1,16
98,3,16:4:4,7.359385717951227,mixed-4,zarr-part-month-orig,1,16
99,4,16:4:4,7.338416051003151,mixed-4,zarr-part-month-orig,1,16
101,1,1:1:1,59.88444073096616,multithreading,zarr-part-month,1,1
102,2,1:1:1,58.51324984198436,multithreading,zarr-part-month,1,1
103,3,1:1:1,58.62732093199156,multithreading,zarr-part-month,1,1
104,4,1:1:1,57.685546736000106,multithreading,zarr-part-month,1,1
106,1,2:1:2,24.737413396011107,multithreading,zarr-part-month,1,2
107,2,2:1:2,23.390609205001965,multithreading,zarr-part-month,1,2
108,3,2:1:2,24.254046352987643,multithreading,zarr-part-month,1,2
109,4,2:1:2,23.91380046401173,multithreading,zarr-part-month,1,2
111,1,4:1:4,13.279983466025442,multithreading,zarr-part-month,1,4
112,2,4:1:4,12.880678356043065,multithreading,zarr-part-month,1,4
113,3,4:1:4,13.676147367048545,multithreading,zarr-part-month,1,4
114,4,4:1:4,13.237085096014198,multithreading,zarr-part-month,1,4
116,1,8:1:8,9.16086115501821,multithreading,zarr-part-month,1,8
117,2,8:1:8,9.332750818983186,multithreading,zarr-part-month,1,8
118,3,8:1:8,8.984607134014368,multithreading,zarr-part-month,1,8
119,4,8:1:8,8.77329715702217,multithreading,zarr-part-month,1,8
121,1,16:1:16,6.620712814037688,multithreading,zarr-part-month,1,16
122,2,16:1:16,6.717979828012176,multithreading,zarr-part-month,1,16
123,3,16:1:16,6.422586624044925,multithreading,zarr-part-month,1,16
124,4,16:1:16,6.574911110976245,multithreading,zarr-part-month,1,16
126,1,1:1:1,42.77296121302061,multiprocessing,zarr-part-month,1,1
127,2,1:1:1,43.86796950502321,multiprocessing,zarr-part-month,1,1
128,3,1:1:1,42.71314436395187,multiprocessing,zarr-part-month,1,1
129,4,1:1:1,43.117785034992266,multiprocessing,zarr-part-month,1,1
131,1,2:2:1,23.794367468974087,multiprocessing,zarr-part-month,1,2
132,2,2:2:1,23.063090528012253,multiprocessing,zarr-part-month,1,2
133,3,2:2:1,23.40022086497629,multiprocessing,zarr-part-month,1,2
134,4,2:2:1,21.782984153018333,multiprocessing,zarr-part-month,1,2
136,1,4:4:1,11.888580088037996,multiprocessing,zarr-part-month,1,4
137,2,4:4:1,12.179122611996718,multiprocessing,zarr-part-month,1,4
138,3,4:4:1,12.133235403976869,multiprocessing,zarr-part-month,1,4
139,4,4:4:1,11.78375101200072,multiprocessing,zarr-part-month,1,4
141,1,8:8:1,6.378592473978642,multiprocessing,zarr-part-month,1,8
142,2,8:8:1,6.519669520028401,multiprocessing,zarr-part-month,1,8
143,3,8:8:1,6.483980411023367,multiprocessing,zarr-part-month,1,8
144,4,8:8:1,6.323386305011809,multiprocessing,zarr-part-month,1,8
146,1,16:16:1,3.7280379270087,multiprocessing,zarr-part-month,1,16
147,2,16:16:1,3.681246982014272,multiprocessing,zarr-part-month,1,16
148,3,16:16:1,4.03061830799561,multiprocessing,zarr-part-month,1,16
149,4,16:16:1,3.833888683002442,multiprocessing,zarr-part-month,1,16
151,1,1:1:1,53.74338733096374,mixed-2,zarr-part-month,1,1
152,2,1:1:1,54.99498757801484,mixed-2,zarr-part-month,1,1
153,3,1:1:1,53.07751851301873,mixed-2,zarr-part-month,1,1
154,4,1:1:1,56.3874266439816,mixed-2,zarr-part-month,1,1
156,1,2:1:2,28.50016220303951,mixed-2,zarr-part-month,1,2
157,2,2:1:2,29.53247995499987,mixed-2,zarr-part-month,1,2
158,3,2:1:2,28.740985623036977,mixed-2,zarr-part-month,1,2
159,4,2:1:2,30.045436466985848,mixed-2,zarr-part-month,1,2
161,1,4:2:2,12.008776383998338,mixed-2,zarr-part-month,1,4
162,2,4:2:2,12.041544164007064,mixed-2,zarr-part-month,1,4
163,3,4:2:2,12.324123905040324,mixed-2,zarr-part-month,1,4
164,4,4:2:2,11.49072659399826,mixed-2,zarr-part-month,1,4
166,1,8:4:2,6.421255001972895,mixed-2,zarr-part-month,1,8
167,2,8:4:2,6.648092439980246,mixed-2,zarr-part-month,1,8
168,3,8:4:2,6.531240782991517,mixed-2,zarr-part-month,1,8
169,4,8:4:2,6.314455660991371,mixed-2,zarr-part-month,1,8
171,1,16:8:2,3.659480091999285,mixed-2,zarr-part-month,1,16
172,2,16:8:2,3.908509253000375,mixed-2,zarr-part-month,1,16
173,3,16:8:2,3.822667265019845,mixed-2,zarr-part-month,1,16
174,4,16:8:2,3.937065477948636,mixed-2,zarr-part-month,1,16
176,1,1:1:1,48.80446810298599,mixed-4,zarr-part-month,1,1
177,2,1:1:1,48.15932487696409,mixed-4,zarr-part-month,1,1
178,3,1:1:1,48.46783819200937,mixed-4,zarr-part-month,1,1
179,4,1:1:1,48.46786454098765,mixed-4,zarr-part-month,1,1
181,1,1:1:1,50.727880074991845,mixed-4,zarr-part-month,1,1
182,2,1:1:1,51.7129742509569,mixed-4,zarr-part-month,1,1
183,3,1:1:1,51.39324440999189,mixed-4,zarr-part-month,1,1
184,4,1:1:1,50.95311249303632,mixed-4,zarr-part-month,1,1
186,1,4:1:4,13.152661147003528,mixed-4,zarr-part-month,1,4
187,2,4:1:4,12.924314420029988,mixed-4,zarr-part-month,1,4
188,3,4:1:4,13.002896730962677,mixed-4,zarr-part-month,1,4
189,4,4:1:4,12.842376572021749,mixed-4,zarr-part-month,1,4
191,1,8:2:4,7.286552253994159,mixed-4,zarr-part-month,1,8
192,2,8:2:4,7.218963110004552,mixed-4,zarr-part-month,1,8
193,3,8:2:4,7.045578741002828,mixed-4,zarr-part-month,1,8
194,4,8:2:4,6.778760208981112,mixed-4,zarr-part-month,1,8
196,1,16:4:4,4.506246487959288,mixed-4,zarr-part-month,1,16
197,2,16:4:4,4.526551968010608,mixed-4,zarr-part-month,1,16
198,3,16:4:4,4.027822303993162,mixed-4,zarr-part-month,1,16
199,4,16:4:4,4.3064116789610125,mixed-4,zarr-part-month,1,16
201,1,1:1:1,138.97062683600234,multithreading,zarr-part-area-month,1,1
202,2,1:1:1,139.18760655302322,multithreading,zarr-part-area-month,1,1
203,3,1:1:1,142.19281500496436,multithreading,zarr-part-area-month,1,1
204,4,1:1:1,145.50543753197417,multithreading,zarr-part-area-month,1,1
206,1,2:1:2,92.44889986101772,multithreading,zarr-part-area-month,1,2
207,2,2:1:2,90.28963817300972,multithreading,zarr-part-area-month,1,2
208,3,2:1:2,105.48994254600257,multithreading,zarr-part-area-month,1,2
209,4,2:1:2,100.56957467301982,multithreading,zarr-part-area-month,1,2
211,1,4:1:4,57.046529853018,multithreading,zarr-part-area-month,1,4
212,2,4:1:4,53.47607937897556,multithreading,zarr-part-area-month,1,4
213,3,4:1:4,57.277593826001976,multithreading,zarr-part-area-month,1,4
214,4,4:1:4,55.43121002300177,multithreading,zarr-part-area-month,1,4
216,1,8:1:8,42.646474573994055,multithreading,zarr-part-area-month,1,8
217,2,8:1:8,47.13452579302248,multithreading,zarr-part-area-month,1,8
218,3,8:1:8,45.01102408900624,multithreading,zarr-part-area-month,1,8
219,4,8:1:8,45.08628178498475,multithreading,zarr-part-area-month,1,8
221,1,16:1:16,45.03969766898081,multithreading,zarr-part-area-month,1,16
222,2,16:1:16,44.4682207640144,multithreading,zarr-part-area-month,1,16
223,3,16:1:16,42.56896401301492,multithreading,zarr-part-area-month,1,16
224,4,16:1:16,42.42773198202485,multithreading,zarr-part-area-month,1,16
226,1,1:1:1,134.90408865199424,multiprocessing,zarr-part-area-month,1,1
227,2,1:1:1,133.8323988749762,multiprocessing,zarr-part-area-month,1,1
228,3,1:1:1,137.0632303560269,multiprocessing,zarr-part-area-month,1,1
229,4,1:1:1,136.1547557109734,multiprocessing,zarr-part-area-month,1,1
231,1,2:2:1,89.52371464599855,multiprocessing,zarr-part-area-month,1,2
232,2,2:2:1,94.1347697559977,multiprocessing,zarr-part-area-month,1,2
233,3,2:2:1,99.53829991299426,multiprocessing,zarr-part-area-month,1,2
234,4,2:2:1,94.4602743180003,multiprocessing,zarr-part-area-month,1,2
236,1,4:4:1,39.15210179402493,multiprocessing,zarr-part-area-month,1,4
237,2,4:4:1,38.94931615301175,multiprocessing,zarr-part-area-month,1,4
238,3,4:4:1,39.454796612029895,multiprocessing,zarr-part-area-month,1,4
239,4,4:4:1,39.38085521996254,multiprocessing,zarr-part-area-month,1,4
241,1,8:8:1,22.19248255796265,multiprocessing,zarr-part-area-month,1,8
242,2,8:8:1,23.62016945600044,multiprocessing,zarr-part-area-month,1,8
243,3,8:8:1,23.584601195005234,multiprocessing,zarr-part-area-month,1,8
244,4,8:8:1,24.414890713000204,multiprocessing,zarr-part-area-month,1,8
246,1,16:16:1,13.68449227802921,multiprocessing,zarr-part-area-month,1,16
247,2,16:16:1,14.887189644970931,multiprocessing,zarr-part-area-month,1,16
248,3,16:16:1,14.386445824056864,multiprocessing,zarr-part-area-month,1,16
249,4,16:16:1,12.66910929500591,multiprocessing,zarr-part-area-month,1,16
251,1,1:1:1,133.81403769901954,mixed-2,zarr-part-area-month,1,1
252,2,1:1:1,138.75214259396307,mixed-2,zarr-part-area-month,1,1
253,3,1:1:1,135.89589443500154,mixed-2,zarr-part-area-month,1,1
254,4,1:1:1,136.78478659398388,mixed-2,zarr-part-area-month,1,1
256,1,2:1:2,82.48245679598767,mixed-2,zarr-part-area-month,1,2
257,2,2:1:2,80.07388476503547,mixed-2,zarr-part-area-month,1,2
258,3,2:1:2,81.46011002396699,mixed-2,zarr-part-area-month,1,2
259,4,2:1:2,82.71880388195859,mixed-2,zarr-part-area-month,1,2
261,1,4:2:2,41.3537067869911,mixed-2,zarr-part-area-month,1,4
262,2,4:2:2,40.23028439999325,mixed-2,zarr-part-area-month,1,4
263,3,4:2:2,38.53544980002334,mixed-2,zarr-part-area-month,1,4
264,4,4:2:2,39.90839000802953,mixed-2,zarr-part-area-month,1,4
266,1,8:4:2,21.22242802899564,mixed-2,zarr-part-area-month,1,8
267,2,8:4:2,20.52286109596025,mixed-2,zarr-part-area-month,1,8
268,3,8:4:2,20.849200742028188,mixed-2,zarr-part-area-month,1,8
269,4,8:4:2,20.4277577669709,mixed-2,zarr-part-area-month,1,8
271,1,16:8:2,12.74394127598498,mixed-2,zarr-part-area-month,1,16
272,2,16:8:2,12.96778352704132,mixed-2,zarr-part-area-month,1,16
273,3,16:8:2,12.757907498977149,mixed-2,zarr-part-area-month,1,16
274,4,16:8:2,12.576273176993707,mixed-2,zarr-part-area-month,1,16
276,1,1:1:1,136.53304619900882,mixed-4,zarr-part-area-month,1,1
277,2,1:1:1,141.64480717899278,mixed-4,zarr-part-area-month,1,1
278,3,1:1:1,145.9572406729567,mixed-4,zarr-part-area-month,1,1
279,4,1:1:1,145.27550444297958,mixed-4,zarr-part-area-month,1,1
281,1,1:1:1,147.3653886890388,mixed-4,zarr-part-area-month,1,1
282,2,1:1:1,146.0047552320175,mixed-4,zarr-part-area-month,1,1
283,3,1:1:1,156.03719812899362,mixed-4,zarr-part-area-month,1,1
284,4,1:1:1,152.91099397698417,mixed-4,zarr-part-area-month,1,1
286,1,4:1:4,57.64582220499869,mixed-4,zarr-part-area-month,1,4
287,2,4:1:4,57.365371385996696,mixed-4,zarr-part-area-month,1,4
288,3,4:1:4,53.626340352988336,mixed-4,zarr-part-area-month,1,4
289,4,4:1:4,52.10209618497174,mixed-4,zarr-part-area-month,1,4
291,1,8:2:4,30.218699055025358,mixed-4,zarr-part-area-month,1,8
292,2,8:2:4,28.412170830008108,mixed-4,zarr-part-area-month,1,8
293,3,8:2:4,27.2032547009876,mixed-4,zarr-part-area-month,1,8
294,4,8:2:4,27.52733602799708,mixed-4,zarr-part-area-month,1,8
296,1,16:4:4,13.370928079006262,mixed-4,zarr-part-area-month,1,16
297,2,16:4:4,13.94622118998086,mixed-4,zarr-part-area-month,1,16
298,3,16:4:4,13.048880730988458,mixed-4,zarr-part-area-month,1,16
299,4,16:4:4,13.02503139700275,mixed-4,zarr-part-area-month,1,16
301,1,1:1:1,10.925661235000009,multithreading,zarr-part-depth-month,1,1
302,2,1:1:1,10.783518858952448,multithreading,zarr-part-depth-month,1,1
303,3,1:1:1,11.4006924550049,multithreading,zarr-part-depth-month,1,1
304,4,1:1:1,10.795461484987754,multithreading,zarr-part-depth-month,1,1
306,1,2:1:2,8.676861649029888,multithreading,zarr-part-depth-month,1,2
307,2,2:1:2,8.8476132209762,multithreading,zarr-part-depth-month,1,2
308,3,2:1:2,9.34748680400662,multithreading,zarr-part-depth-month,1,2
309,4,2:1:2,8.549447674013209,multithreading,zarr-part-depth-month,1,2
311,1,4:1:4,7.70082625298528,multithreading,zarr-part-depth-month,1,4
312,2,4:1:4,7.608523248985875,multithreading,zarr-part-depth-month,1,4
313,3,4:1:4,7.75702594401082,multithreading,zarr-part-depth-month,1,4
314,4,4:1:4,6.786370094981976,multithreading,zarr-part-depth-month,1,4
316,1,8:1:8,4.056513107963838,multithreading,zarr-part-depth-month,1,8
317,2,8:1:8,3.8768254090100527,multithreading,zarr-part-depth-month,1,8
318,3,8:1:8,3.7293527739821,multithreading,zarr-part-depth-month,1,8
319,4,8:1:8,3.970629929972347,multithreading,zarr-part-depth-month,1,8
321,1,16:1:16,4.006825604999904,multithreading,zarr-part-depth-month,1,16
322,2,16:1:16,3.972548853023909,multithreading,zarr-part-depth-month,1,16
323,3,16:1:16,3.934081810992211,multithreading,zarr-part-depth-month,1,16
324,4,16:1:16,3.9428234500228423,multithreading,zarr-part-depth-month,1,16
326,1,1:1:1,11.406243380042724,multiprocessing,zarr-part-depth-month,1,1
327,2,1:1:1,11.769599112973085,multiprocessing,zarr-part-depth-month,1,1
328,3,1:1:1,11.329403051000554,multiprocessing,zarr-part-depth-month,1,1
329,4,1:1:1,11.327821487037,multiprocessing,zarr-part-depth-month,1,1
331,1,2:2:1,6.535381718014833,multiprocessing,zarr-part-depth-month,1,2
332,2,2:2:1,6.488852454000153,multiprocessing,zarr-part-depth-month,1,2
333,3,2:2:1,6.272612511005718,multiprocessing,zarr-part-depth-month,1,2
334,4,2:2:1,6.0610309690237045,multiprocessing,zarr-part-depth-month,1,2
336,1,4:4:1,5.367463061993476,multiprocessing,zarr-part-depth-month,1,4
337,2,4:4:1,5.715328858001158,multiprocessing,zarr-part-depth-month,1,4
338,3,4:4:1,5.770059393020347,multiprocessing,zarr-part-depth-month,1,4
339,4,4:4:1,5.379435021954123,multiprocessing,zarr-part-depth-month,1,4
341,1,8:8:1,3.8764537450042553,multiprocessing,zarr-part-depth-month,1,8
342,2,8:8:1,3.425378924992401,multiprocessing,zarr-part-depth-month,1,8
343,3,8:8:1,3.252515399013646,multiprocessing,zarr-part-depth-month,1,8
344,4,8:8:1,3.74843337899074,multiprocessing,zarr-part-depth-month,1,8
346,1,16:16:1,2.334432930976618,multiprocessing,zarr-part-depth-month,1,16
347,2,16:16:1,2.279025941039436,multiprocessing,zarr-part-depth-month,1,16
348,3,16:16:1,2.24686858500354,multiprocessing,zarr-part-depth-month,1,16
349,4,16:16:1,2.5318846210138872,multiprocessing,zarr-part-depth-month,1,16
351,1,1:1:1,21.00159696600167,mixed-2,zarr-part-depth-month,1,1
352,2,1:1:1,21.505676576984115,mixed-2,zarr-part-depth-month,1,1
353,3,1:1:1,20.78526731702732,mixed-2,zarr-part-depth-month,1,1
354,4,1:1:1,20.79703073599376,mixed-2,zarr-part-depth-month,1,1
356,1,2:1:2,9.383251733961515,mixed-2,zarr-part-depth-month,1,2
357,2,2:1:2,9.607780810969416,mixed-2,zarr-part-depth-month,1,2
358,3,2:1:2,9.431748917966615,mixed-2,zarr-part-depth-month,1,2
359,4,2:1:2,9.3667406369932,mixed-2,zarr-part-depth-month,1,2
361,1,4:2:2,3.435261462989729,mixed-2,zarr-part-depth-month,1,4
362,2,4:2:2,3.472699311038013,mixed-2,zarr-part-depth-month,1,4
363,3,4:2:2,3.65506435604766,mixed-2,zarr-part-depth-month,1,4
364,4,4:2:2,3.5811637069564317,mixed-2,zarr-part-depth-month,1,4
366,1,8:4:2,2.820149358012713,mixed-2,zarr-part-depth-month,1,8
367,2,8:4:2,2.615050287975464,mixed-2,zarr-part-depth-month,1,8
368,3,8:4:2,2.4792156200273894,mixed-2,zarr-part-depth-month,1,8
369,4,8:4:2,2.8495316180051304,mixed-2,zarr-part-depth-month,1,8
371,1,16:8:2,2.119920894037932,mixed-2,zarr-part-depth-month,1,16
372,2,16:8:2,2.341205732955132,mixed-2,zarr-part-depth-month,1,16
373,3,16:8:2,2.0815114149590954,mixed-2,zarr-part-depth-month,1,16
374,4,16:8:2,2.14874770102324,mixed-2,zarr-part-depth-month,1,16
376,1,1:1:1,13.73526090302039,mixed-4,zarr-part-depth-month,1,1
377,2,1:1:1,14.204702974006068,mixed-4,zarr-part-depth-month,1,1
378,3,1:1:1,13.451292365964036,mixed-4,zarr-part-depth-month,1,1
379,4,1:1:1,13.60760577901965,mixed-4,zarr-part-depth-month,1,1
381,1,1:1:1,13.661690381995868,mixed-4,zarr-part-depth-month,1,1
382,2,1:1:1,13.93784049799433,mixed-4,zarr-part-depth-month,1,1
383,3,1:1:1,14.655996937013697,mixed-4,zarr-part-depth-month,1,1
384,4,1:1:1,13.647854370996356,mixed-4,zarr-part-depth-month,1,1
386,1,4:1:4,8.101695581979584,mixed-4,zarr-part-depth-month,1,4
387,2,4:1:4,8.243244885990862,mixed-4,zarr-part-depth-month,1,4
388,3,4:1:4,8.579769825038966,mixed-4,zarr-part-depth-month,1,4
389,4,4:1:4,8.130547264998313,mixed-4,zarr-part-depth-month,1,4
391,1,8:2:4,4.005820509977639,mixed-4,zarr-part-depth-month,1,8
392,2,8:2:4,3.373988916981034,mixed-4,zarr-part-depth-month,1,8
393,3,8:2:4,3.248027227993589,mixed-4,zarr-part-depth-month,1,8
394,4,8:2:4,3.2696431369986385,mixed-4,zarr-part-depth-month,1,8
396,1,16:4:4,2.358819093031343,mixed-4,zarr-part-depth-month,1,16
397,2,16:4:4,2.784539452986792,mixed-4,zarr-part-depth-month,1,16
398,3,16:4:4,2.2038229850004427,mixed-4,zarr-part-depth-month,1,16
399,4,16:4:4,2.20357936702203,mixed-4,zarr-part-depth-month,1,16
401,1,1:1:1,199.3845479239826,multithreading,zarr-part-area-quart,1,1
402,2,1:1:1,193.2442062930204,multithreading,zarr-part-area-quart,1,1
403,3,1:1:1,194.03381427802375,multithreading,zarr-part-area-quart,1,1
404,4,1:1:1,194.6869230900193,multithreading,zarr-part-area-quart,1,1
406,1,2:1:2,122.8991248490056,multithreading,zarr-part-area-quart,1,2
407,2,2:1:2,124.89163633302088,multithreading,zarr-part-area-quart,1,2
408,3,2:1:2,122.5807237859699,multithreading,zarr-part-area-quart,1,2
409,4,2:1:2,120.250356429955,multithreading,zarr-part-area-quart,1,2
411,1,4:1:4,82.8883010649588,multithreading,zarr-part-area-quart,1,4
412,2,4:1:4,80.80960064800456,multithreading,zarr-part-area-quart,1,4
413,3,4:1:4,80.10510337800952,multithreading,zarr-part-area-quart,1,4
414,4,4:1:4,81.46352918003686,multithreading,zarr-part-area-quart,1,4
416,1,8:1:8,53.43674035300501,multithreading,zarr-part-area-quart,1,8
417,2,8:1:8,50.48323581402656,multithreading,zarr-part-area-quart,1,8
418,3,8:1:8,50.03665219602408,multithreading,zarr-part-area-quart,1,8
419,4,8:1:8,47.79091875295853,multithreading,zarr-part-area-quart,1,8
421,1,16:1:16,64.52841490099672,multithreading,zarr-part-area-quart,1,16
422,2,16:1:16,60.445050809008535,multithreading,zarr-part-area-quart,1,16
423,3,16:1:16,59.63102112401975,multithreading,zarr-part-area-quart,1,16
424,4,16:1:16,58.39641683601076,multithreading,zarr-part-area-quart,1,16
426,1,1:1:1,205.53161952400117,multiprocessing,zarr-part-area-quart,1,1
427,2,1:1:1,208.852045414038,multiprocessing,zarr-part-area-quart,1,1
428,3,1:1:1,209.43506012897703,multiprocessing,zarr-part-area-quart,1,1
429,4,1:1:1,214.87874607701087,multiprocessing,zarr-part-area-quart,1,1
431,1,2:2:1,111.42945105599938,multiprocessing,zarr-part-area-quart,1,2
432,2,2:2:1,113.07507128501312,multiprocessing,zarr-part-area-quart,1,2
433,3,2:2:1,114.97108480497263,multiprocessing,zarr-part-area-quart,1,2
434,4,2:2:1,120.81091629102592,multiprocessing,zarr-part-area-quart,1,2
436,1,4:4:1,50.32537553802831,multiprocessing,zarr-part-area-quart,1,4
437,2,4:4:1,49.99187079700641,multiprocessing,zarr-part-area-quart,1,4
438,3,4:4:1,49.251259413023945,multiprocessing,zarr-part-area-quart,1,4
439,4,4:4:1,49.771119029959664,multiprocessing,zarr-part-area-quart,1,4
441,1,8:8:1,33.10069686197676,multiprocessing,zarr-part-area-quart,1,8
442,2,8:8:1,33.226469542016275,multiprocessing,zarr-part-area-quart,1,8
443,3,8:8:1,32.74510590702994,multiprocessing,zarr-part-area-quart,1,8
444,4,8:8:1,32.97595028701471,multiprocessing,zarr-part-area-quart,1,8
446,1,16:16:1,17.34499460196821,multiprocessing,zarr-part-area-quart,1,16
447,2,16:16:1,17.291972796956543,multiprocessing,zarr-part-area-quart,1,16
448,3,16:16:1,17.74209026596509,multiprocessing,zarr-part-area-quart,1,16
449,4,16:16:1,17.926157994021196,multiprocessing,zarr-part-area-quart,1,16
451,1,1:1:1,200.3320287700044,mixed-2,zarr-part-area-quart,1,1
452,2,1:1:1,205.79324155300856,mixed-2,zarr-part-area-quart,1,1
453,3,1:1:1,191.3132000680198,mixed-2,zarr-part-area-quart,1,1
454,4,1:1:1,204.30407993798144,mixed-2,zarr-part-area-quart,1,1
456,1,2:1:2,100.72076938697136,mixed-2,zarr-part-area-quart,1,2
457,2,2:1:2,98.71697992901318,mixed-2,zarr-part-area-quart,1,2
458,3,2:1:2,100.05394068500028,mixed-2,zarr-part-area-quart,1,2
459,4,2:1:2,96.52058264397785,mixed-2,zarr-part-area-quart,1,2
461,1,4:2:2,56.84225695801433,mixed-2,zarr-part-area-quart,1,4
462,2,4:2:2,57.32139159599319,mixed-2,zarr-part-area-quart,1,4
463,3,4:2:2,55.58704262797255,mixed-2,zarr-part-area-quart,1,4
464,4,4:2:2,55.42426879599225,mixed-2,zarr-part-area-quart,1,4
466,1,8:4:2,27.07710520696128,mixed-2,zarr-part-area-quart,1,8
467,2,8:4:2,27.383128004032187,mixed-2,zarr-part-area-quart,1,8
468,3,8:4:2,26.74543805001304,mixed-2,zarr-part-area-quart,1,8
469,4,8:4:2,26.477396367001347,mixed-2,zarr-part-area-quart,1,8
471,1,16:8:2,18.57971665298101,mixed-2,zarr-part-area-quart,1,16
472,2,16:8:2,18.31275118497433,mixed-2,zarr-part-area-quart,1,16
473,3,16:8:2,18.648494834953453,mixed-2,zarr-part-area-quart,1,16
474,4,16:8:2,18.79990411095787,mixed-2,zarr-part-area-quart,1,16
476,1,1:1:1,210.255410193,mixed-4,zarr-part-area-quart,1,1
477,2,1:1:1,216.9913526810124,mixed-4,zarr-part-area-quart,1,1
478,3,1:1:1,220.6000630040071,mixed-4,zarr-part-area-quart,1,1
479,4,1:1:1,219.59670003899373,mixed-4,zarr-part-area-quart,1,1
481,1,1:1:1,225.84283457003767,mixed-4,zarr-part-area-quart,1,1
482,2,1:1:1,225.57894222898176,mixed-4,zarr-part-area-quart,1,1
483,3,1:1:1,224.89286622498184,mixed-4,zarr-part-area-quart,1,1
484,4,1:1:1,219.8371178219677,mixed-4,zarr-part-area-quart,1,1
486,1,4:1:4,68.73960231599631,mixed-4,zarr-part-area-quart,1,4
487,2,4:1:4,64.97749984700931,mixed-4,zarr-part-area-quart,1,4
488,3,4:1:4,60.39590602304088,mixed-4,zarr-part-area-quart,1,4
489,4,4:1:4,69.32243749598274,mixed-4,zarr-part-area-quart,1,4
491,1,8:2:4,35.66185139096342,mixed-4,zarr-part-area-quart,1,8
492,2,8:2:4,35.50736822001636,mixed-4,zarr-part-area-quart,1,8
493,3,8:2:4,37.624596571025904,mixed-4,zarr-part-area-quart,1,8
494,4,8:2:4,36.81675451301271,mixed-4,zarr-part-area-quart,1,8
496,1,16:4:4,16.160533018002752,mixed-4,zarr-part-area-quart,1,16
497,2,16:4:4,15.929460134997498,mixed-4,zarr-part-area-quart,1,16
498,3,16:4:4,16.016806215047836,mixed-4,zarr-part-area-quart,1,16
499,4,16:4:4,16.393769724993035,mixed-4,zarr-part-area-quart,1,16
501,1,1:1:1,28.606982648954727,multithreading,zarr-part-depth-quart,1,1
502,2,1:1:1,28.403118225978687,multithreading,zarr-part-depth-quart,1,1
503,3,1:1:1,27.609939812973607,multithreading,zarr-part-depth-quart,1,1
504,4,1:1:1,28.19705153896939,multithreading,zarr-part-depth-quart,1,1
506,1,2:1:2,16.300947976007592,multithreading,zarr-part-depth-quart,1,2
507,2,2:1:2,16.318194554012734,multithreading,zarr-part-depth-quart,1,2
508,3,2:1:2,15.736618645023556,multithreading,zarr-part-depth-quart,1,2
509,4,2:1:2,16.337552924989723,multithreading,zarr-part-depth-quart,1,2
511,1,4:1:4,8.62592186301481,multithreading,zarr-part-depth-quart,1,4
512,2,4:1:4,9.347704200015867,multithreading,zarr-part-depth-quart,1,4
513,3,4:1:4,8.972168426029384,multithreading,zarr-part-depth-quart,1,4
514,4,4:1:4,8.800523385987617,multithreading,zarr-part-depth-quart,1,4
516,1,8:1:8,10.083886622975117,multithreading,zarr-part-depth-quart,1,8
517,2,8:1:8,10.165169643994886,multithreading,zarr-part-depth-quart,1,8
518,3,8:1:8,10.767296887992416,multithreading,zarr-part-depth-quart,1,8
519,4,8:1:8,10.455292944971006,multithreading,zarr-part-depth-quart,1,8
521,1,16:1:16,9.71246913901996,multithreading,zarr-part-depth-quart,1,16
522,2,16:1:16,9.838124255998991,multithreading,zarr-part-depth-quart,1,16
523,3,16:1:16,10.732420614047442,multithreading,zarr-part-depth-quart,1,16
524,4,16:1:16,9.90811717498582,multithreading,zarr-part-depth-quart,1,16
526,1,1:1:1,30.838827544997912,multiprocessing,zarr-part-depth-quart,1,1
527,2,1:1:1,30.44577357301023,multiprocessing,zarr-part-depth-quart,1,1
528,3,1:1:1,30.47698281198973,multiprocessing,zarr-part-depth-quart,1,1
529,4,1:1:1,29.84045592398616,multiprocessing,zarr-part-depth-quart,1,1
531,1,2:2:1,15.647234142990785,multiprocessing,zarr-part-depth-quart,1,2
532,2,2:2:1,15.928266205999536,multiprocessing,zarr-part-depth-quart,1,2
533,3,2:2:1,15.773067492002156,multiprocessing,zarr-part-depth-quart,1,2
534,4,2:2:1,15.661108153057285,multiprocessing,zarr-part-depth-quart,1,2
536,1,4:4:1,8.50927227298962,multiprocessing,zarr-part-depth-quart,1,4
537,2,4:4:1,8.734613322012592,multiprocessing,zarr-part-depth-quart,1,4
538,3,4:4:1,8.658067778043915,multiprocessing,zarr-part-depth-quart,1,4
539,4,4:4:1,8.83457837800961,multiprocessing,zarr-part-depth-quart,1,4
541,1,8:8:1,8.666579208977055,multiprocessing,zarr-part-depth-quart,1,8
542,2,8:8:1,8.633895055041648,multiprocessing,zarr-part-depth-quart,1,8
543,3,8:8:1,8.739868892007507,multiprocessing,zarr-part-depth-quart,1,8
544,4,8:8:1,8.520459797990043,multiprocessing,zarr-part-depth-quart,1,8
546,1,16:16:1,8.543961754010525,multiprocessing,zarr-part-depth-quart,1,16
547,2,16:16:1,8.612505530996714,multiprocessing,zarr-part-depth-quart,1,16
548,3,16:16:1,8.070315324992407,multiprocessing,zarr-part-depth-quart,1,16
549,4,16:16:1,8.327007344982121,multiprocessing,zarr-part-depth-quart,1,16
551,1,1:1:1,34.06632602500031,mixed-2,zarr-part-depth-quart,1,1
552,2,1:1:1,34.64731525204843,mixed-2,zarr-part-depth-quart,1,1
553,3,1:1:1,33.74530454102205,mixed-2,zarr-part-depth-quart,1,1
554,4,1:1:1,33.51510724500986,mixed-2,zarr-part-depth-quart,1,1
556,1,2:1:2,16.069256255053915,mixed-2,zarr-part-depth-quart,1,2
557,2,2:1:2,15.220166069979314,mixed-2,zarr-part-depth-quart,1,2
558,3,2:1:2,15.29783568001585,mixed-2,zarr-part-depth-quart,1,2
559,4,2:1:2,18.751375449995976,mixed-2,zarr-part-depth-quart,1,2
561,1,4:2:2,8.801461822004057,mixed-2,zarr-part-depth-quart,1,4
562,2,4:2:2,7.965348172001541,mixed-2,zarr-part-depth-quart,1,4
563,3,4:2:2,8.930749179038685,mixed-2,zarr-part-depth-quart,1,4
564,4,4:2:2,8.002723264042288,mixed-2,zarr-part-depth-quart,1,4
566,1,8:4:2,9.207894788007252,mixed-2,zarr-part-depth-quart,1,8
567,2,8:4:2,9.543089561047964,mixed-2,zarr-part-depth-quart,1,8
568,3,8:4:2,9.279708191985264,mixed-2,zarr-part-depth-quart,1,8
569,4,8:4:2,9.293056033959148,mixed-2,zarr-part-depth-quart,1,8
571,1,16:8:2,8.931969034019858,mixed-2,zarr-part-depth-quart,1,16
572,2,16:8:2,9.182248627010267,mixed-2,zarr-part-depth-quart,1,16
573,3,16:8:2,9.556329629966058,mixed-2,zarr-part-depth-quart,1,16
574,4,16:8:2,8.320991417975165,mixed-2,zarr-part-depth-quart,1,16
576,1,1:1:1,32.738778472004924,mixed-4,zarr-part-depth-quart,1,1
577,2,1:1:1,32.51977725402685,mixed-4,zarr-part-depth-quart,1,1
578,3,1:1:1,32.69127601198852,mixed-4,zarr-part-depth-quart,1,1
579,4,1:1:1,32.186525297001936,mixed-4,zarr-part-depth-quart,1,1
581,1,1:1:1,30.74584699398838,mixed-4,zarr-part-depth-quart,1,1
582,2,1:1:1,31.398382438987028,mixed-4,zarr-part-depth-quart,1,1
583,3,1:1:1,30.967224975000136,mixed-4,zarr-part-depth-quart,1,1
584,4,1:1:1,31.161804713017773,mixed-4,zarr-part-depth-quart,1,1
586,1,4:1:4,10.203185461985411,mixed-4,zarr-part-depth-quart,1,4
587,2,4:1:4,7.856695650960319,mixed-4,zarr-part-depth-quart,1,4
588,3,4:1:4,7.528987124969717,mixed-4,zarr-part-depth-quart,1,4
589,4,4:1:4,7.841881807951722,mixed-4,zarr-part-depth-quart,1,4
591,1,8:2:4,11.353503622987771,mixed-4,zarr-part-depth-quart,1,8
592,2,8:2:4,10.612507857033052,mixed-4,zarr-part-depth-quart,1,8
593,3,8:2:4,10.118710826034658,mixed-4,zarr-part-depth-quart,1,8
594,4,8:2:4,11.043705449963454,mixed-4,zarr-part-depth-quart,1,8
596,1,16:4:4,8.910207118024118,mixed-4,zarr-part-depth-quart,1,16
597,2,16:4:4,9.048596523003653,mixed-4,zarr-part-depth-quart,1,16
598,3,16:4:4,8.61288826802047,mixed-4,zarr-part-depth-quart,1,16
599,4,16:4:4,8.891428005008493,mixed-4,zarr-part-depth-quart,1,16
601,1,1:1:1,32.04510145902168,multithreading,zarr-part-quart,1,1
602,2,1:1:1,29.057203708041925,multithreading,zarr-part-quart,1,1
603,3,1:1:1,30.921449528017547,multithreading,zarr-part-quart,1,1
604,4,1:1:1,29.53772351203952,multithreading,zarr-part-quart,1,1
606,1,2:1:2,16.59646435198374,multithreading,zarr-part-quart,1,2
607,2,2:1:2,16.457642341963947,multithreading,zarr-part-quart,1,2
608,3,2:1:2,17.35338009300176,multithreading,zarr-part-quart,1,2
609,4,2:1:2,16.456263564992696,multithreading,zarr-part-quart,1,2
611,1,4:1:4,9.597940852981992,multithreading,zarr-part-quart,1,4
612,2,4:1:4,10.23038058000384,multithreading,zarr-part-quart,1,4
613,3,4:1:4,9.78271446202416,multithreading,zarr-part-quart,1,4
614,4,4:1:4,10.33399344800273,multithreading,zarr-part-quart,1,4
616,1,8:1:8,7.828548979945481,multithreading,zarr-part-quart,1,8
617,2,8:1:8,7.197270670032594,multithreading,zarr-part-quart,1,8
618,3,8:1:8,7.034316460019909,multithreading,zarr-part-quart,1,8
619,4,8:1:8,7.102001625986304,multithreading,zarr-part-quart,1,8
621,1,16:1:16,4.9585630759829655,multithreading,zarr-part-quart,1,16
622,2,16:1:16,4.9050562659977,multithreading,zarr-part-quart,1,16
623,3,16:1:16,4.756137588003185,multithreading,zarr-part-quart,1,16
624,4,16:1:16,4.704816273006145,multithreading,zarr-part-quart,1,16
626,1,1:1:1,22.563627085997723,multiprocessing,zarr-part-quart,1,1
627,2,1:1:1,23.11802929098485,multiprocessing,zarr-part-quart,1,1
628,3,1:1:1,21.31622260203585,multiprocessing,zarr-part-quart,1,1
629,4,1:1:1,22.36858052900061,multiprocessing,zarr-part-quart,1,1
631,1,2:2:1,11.640704237972386,multiprocessing,zarr-part-quart,1,2
632,2,2:2:1,12.280844353022983,multiprocessing,zarr-part-quart,1,2
633,3,2:2:1,11.71221972600324,multiprocessing,zarr-part-quart,1,2
634,4,2:2:1,12.027687777997926,multiprocessing,zarr-part-quart,1,2
636,1,4:4:1,6.5551081339945085,multiprocessing,zarr-part-quart,1,4
637,2,4:4:1,6.202641321986448,multiprocessing,zarr-part-quart,1,4
638,3,4:4:1,6.153588635963388,multiprocessing,zarr-part-quart,1,4
639,4,4:4:1,6.476630402030423,multiprocessing,zarr-part-quart,1,4
641,1,8:8:1,3.2963007919606757,multiprocessing,zarr-part-quart,1,8
642,2,8:8:1,3.37622440099949,multiprocessing,zarr-part-quart,1,8
643,3,8:8:1,3.603565166995395,multiprocessing,zarr-part-quart,1,8
644,4,8:8:1,3.701003915979527,multiprocessing,zarr-part-quart,1,8
646,1,16:16:1,2.010323302994948,multiprocessing,zarr-part-quart,1,16
647,2,16:16:1,2.0616418949794024,multiprocessing,zarr-part-quart,1,16
648,3,16:16:1,2.176139289978892,multiprocessing,zarr-part-quart,1,16
649,4,16:16:1,2.135083717002999,multiprocessing,zarr-part-quart,1,16
651,1,1:1:1,21.09212035499513,mixed-2,zarr-part-quart,1,1
652,2,1:1:1,22.0830517760478,mixed-2,zarr-part-quart,1,1
653,3,1:1:1,23.36945968796499,mixed-2,zarr-part-quart,1,1
654,4,1:1:1,21.201715803996198,mixed-2,zarr-part-quart,1,1
656,1,2:1:2,15.953107901965268,mixed-2,zarr-part-quart,1,2
657,2,2:1:2,16.010328867996577,mixed-2,zarr-part-quart,1,2
658,3,2:1:2,15.511864352971315,mixed-2,zarr-part-quart,1,2
659,4,2:1:2,16.843666103028227,mixed-2,zarr-part-quart,1,2
661,1,4:2:2,6.947422396973707,mixed-2,zarr-part-quart,1,4
662,2,4:2:2,7.018059018999338,mixed-2,zarr-part-quart,1,4
663,3,4:2:2,6.73344357102178,mixed-2,zarr-part-quart,1,4
664,4,4:2:2,6.753941258008126,mixed-2,zarr-part-quart,1,4
666,1,8:4:2,3.7430638229707256,mixed-2,zarr-part-quart,1,8
667,2,8:4:2,3.534110623993911,mixed-2,zarr-part-quart,1,8
668,3,8:4:2,3.7668211169657297,mixed-2,zarr-part-quart,1,8
669,4,8:4:2,3.578562615031842,mixed-2,zarr-part-quart,1,8
671,1,16:8:2,2.3585641499958,mixed-2,zarr-part-quart,1,16
672,2,16:8:2,2.326011391007341,mixed-2,zarr-part-quart,1,16
673,3,16:8:2,2.389964287984185,mixed-2,zarr-part-quart,1,16
674,4,16:8:2,2.442234315967653,mixed-2,zarr-part-quart,1,16
676,1,1:1:1,27.661999532021586,mixed-4,zarr-part-quart,1,1
677,2,1:1:1,28.39147569896886,mixed-4,zarr-part-quart,1,1
678,3,1:1:1,27.11078950401861,mixed-4,zarr-part-quart,1,1
679,4,1:1:1,29.12779306696029,mixed-4,zarr-part-quart,1,1
681,1,1:1:1,22.758454255003016,mixed-4,zarr-part-quart,1,1
682,2,1:1:1,22.31590390298516,mixed-4,zarr-part-quart,1,1
683,3,1:1:1,22.73750378901605,mixed-4,zarr-part-quart,1,1
684,4,1:1:1,22.54386359197088,mixed-4,zarr-part-quart,1,1
686,1,4:1:4,7.501658349006902,mixed-4,zarr-part-quart,1,4
687,2,4:1:4,7.098584426974412,mixed-4,zarr-part-quart,1,4
688,3,4:1:4,7.243040123023093,mixed-4,zarr-part-quart,1,4
689,4,4:1:4,8.076078212005086,mixed-4,zarr-part-quart,1,4
691,1,8:2:4,4.37435303098755,mixed-4,zarr-part-quart,1,8
692,2,8:2:4,4.391957828018349,mixed-4,zarr-part-quart,1,8
693,3,8:2:4,4.672001167025883,mixed-4,zarr-part-quart,1,8
694,4,8:2:4,4.743734780990053,mixed-4,zarr-part-quart,1,8
696,1,16:4:4,2.8851877310080454,mixed-4,zarr-part-quart,1,16
697,2,16:4:4,2.767765529977624,mixed-4,zarr-part-quart,1,16
698,3,16:4:4,3.053687409032136,mixed-4,zarr-part-quart,1,16
699,4,16:4:4,2.787641200993676,mixed-4,zarr-part-quart,1,16
